Workbook

Sheet Dashboard
A1: ADAPTIVE FITNESS TRACKER
A3: YOUR DAILY TARGETS
A4: Calories | B4: =Setup!$B$22 | C4: kcal
A5: Protein | B5: =Setup!$B$23 | C5: g
A6: Fat | B6: =Setup!$B$24 | C6: g
A7: Carbs | B7: =Setup!$B$25 | C7: g
A8: Goal | B8: =Setup!$B$10
A10: WEIGHT TREND
A11: Trend weight (7-day) | B11: =IFERROR(LOOKUP(2,1/('Weight Log'!$C$4:$C$123<>""),'Weight Log'!$C$4:$C$123),"—")
A12: Change per week | B12: =IFERROR(LOOKUP(2,1/('Weight Log'!$D$4:$D$123<>""),'Weight Log'!$D$4:$D$123),"—")
A13: Rate (% bodyweight/wk) | B13: =IFERROR(LOOKUP(2,1/('Weight Log'!$E$4:$E$123<>""),'Weight Log'!$E$4:$E$123),"—")
A15: COACH SUGGESTION
A16: =IF($B$13="—","Log your weight daily for ~2 weeks to unlock coaching.",IF(Setup!$B$10="Cut",IF($B$13>-0.0025,"Trend is flat — drop ~150 kcal (from carbs) or add 2,000 steps/day.",IF($B$13<-0.01,"Losing too fast — add ~150 kcal back to protect muscle.","On track — keep going.")),IF(Setup!$B$10="Bulk",IF($B$13<0.001,"Scale is not moving — add ~150 kcal.",IF($B$13>0.005,"Gaining too fast — trim ~100 kcal.","On track — keep going.")),"Maintenance: stay within ±0.25% per week.")))

Sheet Setup
A1: SETUP — fill in the blue cells
A3: YOUR DETAILS | E3: Activity | F3: Factor
A4: Units | B4: Metric | C4: Imperial = pounds & inches | E4: Sedentary | F4: 1.2
A5: Sex | B5: M | E5: Light | F5: 1.375
A6: Age | B6: 30 | E6: Moderate | F6: 1.55
A7: Height | B7: 180 | C7: cm (Metric) or total inches (Imperial) | E7: Very Active | F7: 1.725
A8: Weight | B8: 80 | C8: kg (Metric) or lb (Imperial) | E8: Athlete | F8: 1.9
A9: Activity level | B9: Moderate | C9: see table on the right
A10: Goal | B10: Cut | C10: Cut -20% | Maintain | Bulk +10% | E10: Goal | F10: Adj.
A11: Protein level | B11: 2 | C11: grams of protein per kg of bodyweight | E11: Cut | F11: -0.2
E12: Maintain | F12: 0
A13: ENGINE (don't touch) | E13: Bulk | F13: 0.1
A14: Weight (kg) | B14: =IF($B$4="Imperial",$B$8*0.453592,$B$8)
A15: Height (cm) | B15: =IF($B$4="Imperial",$B$7*2.54,$B$7)
A16: BMR | B16: =10*$B$14+6.25*$B$15-5*$B$6+IF($B$5="M",5,-161)
A17: Activity multiplier | B17: =VLOOKUP($B$9,$E$4:$F$8,2,FALSE)
A18: TDEE | B18: =$B$16*$B$17
A19: Goal adjustment | B19: =VLOOKUP($B$10,$E$11:$F$13,2,FALSE)
A21: YOUR DAILY TARGETS
A22: Calories (kcal) | B22: =ROUND($B$18*(1+$B$19),0)
A23: Protein (g) | B23: =ROUND($B$14*$B$11,0)
A24: Fat (g) | B24: =ROUND($B$14*0.9,0)
A25: Carbs (g) | B25: =ROUND(($B$22-$B$23*4-$B$24*9)/4,0)

Sheet Weight Log
A1: WEIGHT LOG — same scale, every morning
A3: Date | B3: Weight | C3: Trend (7-day avg) | D3: Change / week | E3: % bodyweight / wk
A4: 46167 | B4: 80 | C4: =IF($B4="","",IF(COUNT($B$4:$B4)<3,"",AVERAGE($B$4:$B4))) | G4: Sample data in blue — replace with yours (see Guide).
A5: 46168 | B5: 80.3 | C5: =IF($B5="","",IF(COUNT($B$4:$B5)<3,"",AVERAGE($B$4:$B5)))
A6: 46169 | B6: 79.9 | C6: =IF($B6="","",IF(COUNT($B$4:$B6)<3,"",AVERAGE($B$4:$B6)))
A7: 46170 | B7: 80.1 | C7: =IF($B7="","",IF(COUNT($B$4:$B7)<3,"",AVERAGE($B$4:$B7)))
A8: 46171 | B8: 79.8 | C8: =IF($B8="","",IF(COUNT($B$4:$B8)<3,"",AVERAGE($B$4:$B8)))
A9: 46172 | B9: 79.9 | C9: =IF($B9="","",IF(COUNT($B$4:$B9)<3,"",AVERAGE($B$4:$B9)))
A10: 46173 | B10: 79.6 | C10: =IF($B10="","",IF(COUNT($B$4:$B10)<3,"",AVERAGE($B4:$B10)))
A11: 46174 | B11: 79.8 | C11: =IF($B11="","",IF(COUNT($B$4:$B11)<3,"",AVERAGE($B5:$B11))) | D11: =IF(OR($C11="",$C4=""),"",$C11-$C4) | E11: =IF($D11="","",$D11/$C11)
A12: 46175 | B12: 79.5 | C12: =IF($B12="","",IF(COUNT($B$4:$B12)<3,"",AVERAGE($B6:$B12))) | D12: =IF(OR($C12="",$C5=""),"",$C12-$C5) | E12: =IF($D12="","",$D12/$C12)
A13: 46176 | B13: 79.7 | C13: =IF($B13="","",IF(COUNT($B$4:$B13)<3,"",AVERAGE($B7:$B13))) | D13: =IF(OR($C13="",$C6=""),"",$C13-$C6) | E13: =IF($D13="","",$D13/$C13)
A14: 46177 | B14: 79.4 | C14: =IF($B14="","",IF(COUNT($B$4:$B14)<3,"",AVERAGE($B8:$B14))) | D14: =IF(OR($C14="",$C7=""),"",$C14-$C7) | E14: =IF($D14="","",$D14/$C14)
A15: 46178 | B15: 79.2 | C15: =IF($B15="","",IF(COUNT($B$4:$B15)<3,"",AVERAGE($B9:$B15))) | D15: =IF(OR($C15="",$C8=""),"",$C15-$C8) | E15: =IF($D15="","",$D15/$C15)
A16: 46179 | B16: 79.5 | C16: =IF($B16="","",IF(COUNT($B$4:$B16)<3,"",AVERAGE($B10:$B16))) | D16: =IF(OR($C16="",$C9=""),"",$C16-$C9) | E16: =IF($D16="","",$D16/$C16)
A17: 46180 | B17: 79.1 | C17: =IF($B17="","",IF(COUNT($B$4:$B17)<3,"",AVERAGE($B11:$B17))) | D17: =IF(OR($C17="",$C10=""),"",$C17-$C10) | E17: =IF($D17="","",$D17/$C17)
C18: =IF($B18="","",IF(COUNT($B$4:$B18)<3,"",AVERAGE($B12:$B18))) | D18: =IF(OR($C18="",$C11=""),"",$C18-$C11) | E18: =IF($D18="","",$D18/$C18)
C19: =IF($B19="","",IF(COUNT($B$4:$B19)<3,"",AVERAGE($B13:$B19))) | D19: =IF(OR($C19="",$C12=""),"",$C19-$C12) | E19: =IF($D19="","",$D19/$C19)
C20: =IF($B20="","",IF(COUNT($B$4:$B20)<3,"",AVERAGE($B14:$B20))) | D20: =IF(OR($C20="",$C13=""),"",$C20-$C13) | E20: =IF($D20="","",$D20/$C20)
C21: =IF($B21="","",IF(COUNT($B$4:$B21)<3,"",AVERAGE($B15:$B21))) | D21: =IF(OR($C21="",$C14=""),"",$C21-$C14) | E21: =IF($D21="","",$D21/$C21)
C22: =IF($B22="","",IF(COUNT($B$4:$B22)<3,"",AVERAGE($B16:$B22))) | D22: =IF(OR($C22="",$C15=""),"",$C22-$C15) | E22: =IF($D22="","",$D22/$C22)
C23: =IF($B23="","",IF(COUNT($B$4:$B23)<3,"",AVERAGE($B17:$B23))) | D23: =IF(OR($C23="",$C16=""),"",$C23-$C16) | E23: =IF($D23="","",$D23/$C23)
C24: =IF($B24="","",IF(COUNT($B$4:$B24)<3,"",AVERAGE($B18:$B24))) | D24: =IF(OR($C24="",$C17=""),"",$C24-$C17) | E24: =IF($D24="","",$D24/$C24)
C25: =IF($B25="","",IF(COUNT($B$4:$B25)<3,"",AVERAGE($B19:$B25))) | D25: =IF(OR($C25="",$C18=""),"",$C25-$C18) | E25: =IF($D25="","",$D25/$C25)
C26: =IF($B26="","",IF(COUNT($B$4:$B26)<3,"",AVERAGE($B20:$B26))) | D26: =IF(OR($C26="",$C19=""),"",$C26-$C19) | E26: =IF($D26="","",$D26/$C26)
C27: =IF($B27="","",IF(COUNT($B$4:$B27)<3,"",AVERAGE($B21:$B27))) | D27: =IF(OR($C27="",$C20=""),"",$C27-$C20) | E27: =IF($D27="","",$D27/$C27)
C28: =IF($B28="","",IF(COUNT($B$4:$B28)<3,"",AVERAGE($B22:$B28))) | D28: =IF(OR($C28="",$C21=""),"",$C28-$C21) | E28: =IF($D28="","",$D28/$C28)
C29: =IF($B29="","",IF(COUNT($B$4:$B29)<3,"",AVERAGE($B23:$B29))) | D29: =IF(OR($C29="",$C22=""),"",$C29-$C22) | E29: =IF($D29="","",$D29/$C29)
... C123: =IF($B123="","",IF(COUNT($B$4:$B123)<3,"",AVERAGE($B117:$B123))) | D123: =IF(OR($C123="",$C116=""),"",$C123-$C116) | E123: =IF($D123="","",$D123/$C123)

Sheet Workout Log
A1: WORKOUT LOG — track strength, not soreness
A3: Date | B3: Exercise | C3: Weight | D3: Reps | E3: RIR | F3: e1RM | G3: PR? | I3: Exercise list (edit me)
A4: 46167 | B4: Squat | C4: 100 | D4: 5 | E4: 2 | F4: =IF(OR($C4="",$D4=""),"",ROUND($C4*(1+$D4/30),1)) | G4: =IF($F4="","",IF($F4>=_xlfn.MAXIFS($F$4:$F$203,$B$4:$B$203,$B4),"PR ★","")) | I4: Squat
A5: 46167 | B5: Bench Press | C5: 80 | D5: 5 | E5: 2 | F5: =IF(OR($C5="",$D5=""),"",ROUND($C5*(1+$D5/30),1)) | G5: =IF($F5="","",IF($F5>=_xlfn.MAXIFS($F$4:$F$203,$B$4:$B$203,$B5),"PR ★","")) | I5: Bench Press
A6: 46170 | B6: Deadlift | C6: 140 | D6: 3 | E6: 2 | F6: =IF(OR($C6="",$D6=""),"",ROUND($C6*(1+$D6/30),1)) | G6: =IF($F6="","",IF($F6>=_xlfn.MAXIFS($F$4:$F$203,$B$4:$B$203,$B6),"PR ★","")) | I6: Deadlift
A7: 46174 | B7: Squat | C7: 102.5 | D7: 5 | E7: 2 | F7: =IF(OR($C7="",$D7=""),"",ROUND($C7*(1+$D7/30),1)) | G7: =IF($F7="","",IF($F7>=_xlfn.MAXIFS($F$4:$F$203,$B$4:$B$203,$B7),"PR ★","")) | I7: Overhead Press
A8: 46174 | B8: Bench Press | C8: 82.5 | D8: 4 | E8: 1 | F8: =IF(OR($C8="",$D8=""),"",ROUND($C8*(1+$D8/30),1)) | G8: =IF($F8="","",IF($F8>=_xlfn.MAXIFS($F$4:$F$203,$B$4:$B$203,$B8),"PR ★","")) | I8: Barbell Row
A9: 46177 | B9: Deadlift | C9: 145 | D9: 3 | E9: 2 | F9: =IF(OR($C9="",$D9=""),"",ROUND($C9*(1+$D9/30),1)) | G9: =IF($F9="","",IF($F9>=_xlfn.MAXIFS($F$4:$F$203,$B$4:$B$203,$B9),"PR ★","")) | I9: Pull-Up
F10: =IF(OR($C10="",$D10=""),"",ROUND($C10*(1+$D10/30),1)) | G10: =IF($F10="","",IF($F10>=_xlfn.MAXIFS($F$4:$F$203,$B$4:$B$203,$B10),"PR ★","")) | I10: Dip
F11: =IF(OR($C11="",$D11=""),"",ROUND($C11*(1+$D11/30),1)) | G11: =IF($F11="","",IF($F11>=_xlfn.MAXIFS($F$4:$F$203,$B$4:$B$203,$B11),"PR ★","")) | I11: Incline Bench
F12: =IF(OR($C12="",$D12=""),"",ROUND($C12*(1+$D12/30),1)) | G12: =IF($F12="","",IF($F12>=_xlfn.MAXIFS($F$4:$F$203,$B$4:$B$203,$B12),"PR ★","")) | I12: Romanian Deadlift
F13: =IF(OR($C13="",$D13=""),"",ROUND($C13*(1+$D13/30),1)) | G13: =IF($F13="","",IF($F13>=_xlfn.MAXIFS($F$4:$F$203,$B$4:$B$203,$B13),"PR ★","")) | I13: Front Squat
F14: =IF(OR($C14="",$D14=""),"",ROUND($C14*(1+$D14/30),1)) | G14: =IF($F14="","",IF($F14>=_xlfn.MAXIFS($F$4:$F$203,$B$4:$B$203,$B14),"PR ★","")) | I14: Hip Thrust
F15: =IF(OR($C15="",$D15=""),"",ROUND($C15*(1+$D15/30),1)) | G15: =IF($F15="","",IF($F15>=_xlfn.MAXIFS($F$4:$F$203,$B$4:$B$203,$B15),"PR ★","")) | I15: Lat Pulldown
F16: =IF(OR($C16="",$D16=""),"",ROUND($C16*(1+$D16/30),1)) | G16: =IF($F16="","",IF($F16>=_xlfn.MAXIFS($F$4:$F$203,$B$4:$B$203,$B16),"PR ★","")) | I16: Seated Cable Row
F17: =IF(OR($C17="",$D17=""),"",ROUND($C17*(1+$D17/30),1)) | G17: =IF($F17="","",IF($F17>=_xlfn.MAXIFS($F$4:$F$203,$B$4:$B$203,$B17),"PR ★","")) | I17: Leg Press
F18: =IF(OR($C18="",$D18=""),"",ROUND($C18*(1+$D18/30),1)) | G18: =IF($F18="","",IF($F18>=_xlfn.MAXIFS($F$4:$F$203,$B$4:$B$203,$B18),"PR ★","")) | I18: Bulgarian Split Squat
F19: =IF(OR($C19="",$D19=""),"",ROUND($C19*(1+$D19/30),1)) | G19: =IF($F19="","",IF($F19>=_xlfn.MAXIFS($F$4:$F$203,$B$4:$B$203,$B19),"PR ★",""))
F20: =IF(OR($C20="",$D20=""),"",ROUND($C20*(1+$D20/30),1)) | G20: =IF($F20="","",IF($F20>=_xlfn.MAXIFS($F$4:$F$203,$B$4:$B$203,$B20),"PR ★",""))
F21: =IF(OR($C21="",$D21=""),"",ROUND($C21*(1+$D21/30),1)) | G21: =IF($F21="","",IF($F21>=_xlfn.MAXIFS($F$4:$F$203,$B$4:$B$203,$B21),"PR ★",""))
F22: =IF(OR($C22="",$D22=""),"",ROUND($C22*(1+$D22/30),1)) | G22: =IF($F22="","",IF($F22>=_xlfn.MAXIFS($F$4:$F$203,$B$4:$B$203,$B22),"PR ★",""))
F23: =IF(OR($C23="",$D23=""),"",ROUND($C23*(1+$D23/30),1)) | G23: =IF($F23="","",IF($F23>=_xlfn.MAXIFS($F$4:$F$203,$B$4:$B$203,$B23),"PR ★",""))
F24: =IF(OR($C24="",$D24=""),"",ROUND($C24*(1+$D24/30),1)) | G24: =IF($F24="","",IF($F24>=_xlfn.MAXIFS($F$4:$F$203,$B$4:$B$203,$B24),"PR ★",""))
F25: =IF(OR($C25="",$D25=""),"",ROUND($C25*(1+$D25/30),1)) | G25: =IF($F25="","",IF($F25>=_xlfn.MAXIFS($F$4:$F$203,$B$4:$B$203,$B25),"PR ★",""))
F26: =IF(OR($C26="",$D26=""),"",ROUND($C26*(1+$D26/30),1)) | G26: =IF($F26="","",IF($F26>=_xlfn.MAXIFS($F$4:$F$203,$B$4:$B$203,$B26),"PR ★",""))
F27: =IF(OR($C27="",$D27=""),"",ROUND($C27*(1+$D27/30),1)) | G27: =IF($F27="","",IF($F27>=_xlfn.MAXIFS($F$4:$F$203,$B$4:$B$203,$B27),"PR ★",""))
F28: =IF(OR($C28="",$D28=""),"",ROUND($C28*(1+$D28/30),1)) | G28: =IF($F28="","",IF($F28>=_xlfn.MAXIFS($F$4:$F$203,$B$4:$B$203,$B28),"PR ★",""))
F29: =IF(OR($C29="",$D29=""),"",ROUND($C29*(1+$D29/30),1)) | G29: =IF($F29="","",IF($F29>=_xlfn.MAXIFS($F$4:$F$203,$B$4:$B$203,$B29),"PR ★",""))
F30: =IF(OR($C30="",$D30=""),"",ROUND($C30*(1+$D30/30),1)) | G30: =IF($F30="","",IF($F30>=_xlfn.MAXIFS($F$4:$F$203,$B$4:$B$203,$B30),"PR ★",""))
... F203: =IF(OR($C203="",$D203=""),"",ROUND($C203*(1+$D203/30),1)) | G203: =IF($F203="","",IF($F203>=_xlfn.MAXIFS($F$4:$F$203,$B$4:$B$203,$B203),"PR ★",""))

Sheet Guide
A1: GUIDE — read me first
A3: GET STARTED IN 3 STEPS
A4: 1. Open the Setup tab and fill in the blue cells (units, sex, age, height, weight, activity, goal).
A5: 2. Weigh yourself every morning (after bathroom, before food or drink) and log it in Weight Log.
A6: 3. Log your main lifts in Workout Log. Check the Dashboard once a week — not every day.
A8: WHY TREND WEIGHT (AND NOT THE SCALE)
A9: Daily weight swings 1-2% from water, sodium, carbs and stress. The 7-day moving average filters that noise and shows your real direction. Judge progress only by the trend line.
A11: WHAT IS RIR?
A12: Reps In Reserve: how many clean reps you had left in the tank. RIR 0 = absolute failure, RIR 2 = could have done 2 more. Most working sets should live at RIR 1-3.
A13: The tracker turns every set into an estimated 1-rep max (Epley formula). If your e1RM creeps up over the weeks, you are progressing — even when the weight on the bar looks the same.
A15: WHEN TO ADJUST CALORIES
A16: Never react to a single weigh-in. Collect at least 2 full weeks of data, then follow the Coach suggestion on the Dashboard. Adjust in ~150 kcal steps, taken from carbs, and hold for another 2 weeks.
... A25: This template is for educational purposes and is not medical or dietary advice. Consult a professional before major changes, especially with existing health conditions.
